22:37:25.807828, arseniiodrinskii, 152282105, /start
22:37:35.101917, arseniiodrinskii, 152282105, Включить калькулятор рациональных и комплексных чисел.
22:37:54.234772, arseniiodrinskii, 152282105, Рациональные числа
22:38:54.544614, arseniiodrinskii, 152282105, Комплексные числа
05:21:47.908494, arseniiodrinskii, 152282105, /start
05:21:52.206740, arseniiodrinskii, 152282105, Включить калькулятор рациональных и комплексных чисел.
05:22:04.295162, arseniiodrinskii, 152282105, Рациональные числа
05:25:46.722508, arseniiodrinskii, 152282105, /start
05:25:52.555594, arseniiodrinskii, 152282105, Включить калькулятор рациональных и комплексных чисел.
05:25:52.964287, arseniiodrinskii, 152282105, Включить калькулятор рациональных и комплексных чисел.
05:25:57.381134, arseniiodrinskii, 152282105, Рациональные числа
05:26:26.654695, arseniiodrinskii, 152282105, /start
05:26:29.007800, arseniiodrinskii, 152282105, Включить калькулятор рациональных и комплексных чисел.
05:26:29.008200, arseniiodrinskii, 152282105, Включить калькулятор рациональных и комплексных чисел.
05:36:10.256950, arseniiodrinskii, 152282105, /start
05:36:29.699970, arseniiodrinskii, 152282105, /launch
05:36:32.460353, arseniiodrinskii, 152282105, Включить калькулятор рациональных и комплексных чисел.
05:38:03.711865, arseniiodrinskii, 152282105, /launch
05:38:07.397016, arseniiodrinskii, 152282105, Рациональные числа
05:38:24.700482, arseniiodrinskii, 152282105, 5 5 *
05:38:43.542975, arseniiodrinskii, 152282105, Комплексные числа
05:38:54.193383, arseniiodrinskii, 152282105, 5 5 /
05:39:09.363299, arseniiodrinskii, 152282105, Комплексные числа
05:39:15.005884, arseniiodrinskii, 152282105, 5 1 *
05:39:27.172159, arseniiodrinskii, 152282105, Комплексные числа
05:39:56.558427, arseniiodrinskii, 152282105, 3 3 *
05:40:18.785167, arseniiodrinskii, 152282105, Комплексные числа
05:40:39.261987, arseniiodrinskii, 152282105, 55 2 /
05:50:05.293753, arseniiodrinskii, 152282105, /launch
05:50:08.330036, arseniiodrinskii, 152282105, Рациональные числа
05:50:21.013796, arseniiodrinskii, 152282105, 56 28 %
05:50:21.013944, arseniiodrinskii, 152282105, 56 28 %
05:50:34.636569, arseniiodrinskii, 152282105, Комплексные числа
05:59:27.629406, arseniiodrinskii, 152282105, /launch
05:59:31.413831, arseniiodrinskii, 152282105, Рациональные числа
05:59:42.780549, arseniiodrinskii, 152282105, 5 36 *
05:59:42.780742, arseniiodrinskii, 152282105, 5 36 *
06:18:00.222743, arseniiodrinskii, 152282105, /launch
06:18:02.679015, arseniiodrinskii, 152282105, Комплексные числа
06:18:12.197981, arseniiodrinskii, 152282105, 3j 5j *
06:23:38.756785, arseniiodrinskii, 152282105, /launch
06:23:42.954069, arseniiodrinskii, 152282105, Рациональные числа
06:23:49.198566, arseniiodrinskii, 152282105, 5 6 /
06:23:49.198740, arseniiodrinskii, 152282105, 5 6 /
06:23:58.520179, arseniiodrinskii, 152282105, Комплексные числа
06:24:26.580863, arseniiodrinskii, 152282105, 7j 8j *
06:24:30.775535, arseniiodrinskii, 152282105, Комплексные числа
06:24:38.052810, arseniiodrinskii, 152282105, 7j 8j *
06:30:25.815606, arseniiodrinskii, 152282105, /launch
06:30:28.768442, arseniiodrinskii, 152282105, Рациональные числа
06:30:59.902763, arseniiodrinskii, 152282105, Рациональные числа
06:31:04.092519, arseniiodrinskii, 152282105, 5 * 5
06:31:04.092666, arseniiodrinskii, 152282105, 5 * 5
06:34:48.969217, arseniiodrinskii, 152282105, /launch
06:34:50.301245, arseniiodrinskii, 152282105, Рациональные числа
06:34:57.503091, arseniiodrinskii, 152282105, 5 * 5
06:34:57.503273, arseniiodrinskii, 152282105, 5 * 5
06:37:55.685650, arseniiodrinskii, 152282105, /launch
06:37:58.204349, arseniiodrinskii, 152282105, Рациональные числа
06:38:08.953527, arseniiodrinskii, 152282105, 56 % 4
06:38:08.953711, arseniiodrinskii, 152282105, 56 % 4
06:38:21.745917, arseniiodrinskii, 152282105, Рациональные числа
06:38:24.642093, arseniiodrinskii, 152282105, 5*5
06:38:24.642381, arseniiodrinskii, 152282105, 5*5
06:49:22.753131, arseniiodrinskii, 152282105, /launch
06:49:25.106134, arseniiodrinskii, 152282105, Рациональные числа
06:49:31.861433, arseniiodrinskii, 152282105, 5 / 4
06:49:31.861631, arseniiodrinskii, 152282105, 5 / 4
06:49:39.021733, arseniiodrinskii, 152282105, Комплексные числа
06:51:05.069308, arseniiodrinskii, 152282105, /launch
06:51:06.889063, arseniiodrinskii, 152282105, Комплексные числа
06:51:40.695896, arseniiodrinskii, 152282105, /launch
06:51:42.123178, arseniiodrinskii, 152282105, Комплексные числа
06:53:39.460743, arseniiodrinskii, 152282105, Рациональные числа
06:54:12.226025, arseniiodrinskii, 152282105, Комплексные числа
06:54:21.249010, arseniiodrinskii, 152282105, 7j * 8j
06:54:34.048538, arseniiodrinskii, 152282105, Комплексные числа
06:54:40.397476, arseniiodrinskii, 152282105, 6j / 4j
06:04:10.364030, arseniiodrinskii, 152282105, Рациональные числа
06:04:15.688772, arseniiodrinskii, 152282105, 5 * 5
06:04:15.688871, arseniiodrinskii, 152282105, 5 * 5
06:04:18.910867, arseniiodrinskii, 152282105, Комплексные числа
06:04:30.848051, arseniiodrinskii, 152282105, 3j / 2j
22:37:37.510406, arseniiodrinskii, 152282105, /launch
22:37:40.354871, arseniiodrinskii, 152282105, Рациональные числа
22:37:46.248024, arseniiodrinskii, 152282105, 5 + 5
22:37:46.248507, arseniiodrinskii, 152282105, 5 + 5
22:37:49.445509, arseniiodrinskii, 152282105, Комплексные числа
22:37:54.868127, arseniiodrinskii, 152282105, 3j + 3
